prompt_h,f_0_z_0,f_0_z_1,f_0_z_2,f_0_z_3,f_0_z_4,f_0_z_5,f_0_z_6,f_0_z_7,f_0_z_8,f_0_z_9,f_1_z_0,f_1_z_1,f_1_z_2,f_1_z_3,f_1_z_4,f_1_z_5,f_1_z_6,f_1_z_7,f_1_z_8,f_1_z_9,f_2_z_0,f_2_z_1,f_2_z_2,f_2_z_3,f_2_z_4,f_2_z_5,f_2_z_6,f_2_z_7,f_2_z_8,f_2_z_9,f_3_z_0,f_3_z_1,f_3_z_2,f_3_z_3,f_3_z_4,f_3_z_5,f_3_z_6,f_3_z_7,f_3_z_8,f_3_z_9,f_4_z_0,f_4_z_1,f_4_z_2,f_4_z_3,f_4_z_4,f_4_z_5,f_4_z_6,f_4_z_7,f_4_z_8,f_4_z_9,f_5_z_0,f_5_z_1,f_5_z_2,f_5_z_3,f_5_z_4,f_5_z_5,f_5_z_6,f_5_z_7,f_5_z_8,f_5_z_9,f_6_z_0,f_6_z_1,f_6_z_2,f_6_z_3,f_6_z_4,f_6_z_5,f_6_z_6,f_6_z_7,f_6_z_8,f_6_z_9,f_7_z_0,f_7_z_1,f_7_z_2,f_7_z_3,f_7_z_4,f_7_z_5,f_7_z_6,f_7_z_7,f_7_z_8,f_7_z_9,f_8_z_0,f_8_z_1,f_8_z_2,f_8_z_3,f_8_z_4,f_8_z_5,f_8_z_6,f_8_z_7,f_8_z_8,f_8_z_9,f_9_z_0,f_9_z_1,f_9_z_2,f_9_z_3,f_9_z_4,f_9_z_5,f_9_z_6,f_9_z_7,f_9_z_8,f_9_z_9
"Here are some numbers in sequence: 0, 5, 9, 7. Continue the sequence with exactly 10 more numbers (at most 1 digits each) List the numbers with spaces between them. Output nothing but the numbers.",-2.2610623836517334,-2.2610623836517334,-0.5110623836517334,-2.6360623836517334,-2.3860623836517334,-5.1360626220703125,-5.2610626220703125,-8.761062622070312,-4.1360626220703125,-7.7610626220703125,-2.5490405559539795,-2.1740405559539795,-4.174040794372559,-2.0490405559539795,-1.4240405559539795,-3.2990405559539795,-2.1740405559539795,-4.424040794372559,-1.4240405559539795,-3.9240405559539795,-2.6986160278320312,-2.4486160278320312,-2.8236160278320312,-1.9486160278320312,-1.9486160278320312,-1.8236160278320312,-1.8236160278320312,-3.0736160278320312,-2.1986160278320312,-3.8236160278320312,-2.9353647232055664,-1.9353647232055664,-2.1853647232055664,-1.9353647232055664,-3.3103647232055664,-2.0603647232055664,-1.6853647232055664,-3.0603647232055664,-2.0603647232055664,-3.8103647232055664,-3.2869648933410645,-3.2869648933410645,-3.6619648933410645,-3.1619648933410645,-4.1619648933410645,-2.6619648933410645,-2.5369648933410645,-2.5369648933410645,-0.5369649529457092,-3.5369648933410645,-4.552754878997803,-3.8027548789978027,-3.0527548789978027,-1.6777549982070923,-4.302754878997803,-1.0527549982070923,-1.3027549982070923,-4.177754878997803,-2.5527548789978027,-5.177754878997803,-5.829059600830078,-5.829059600830078,-6.329059600830078,-2.829059600830078,-6.204059600830078,-0.07905960828065872,-6.454059600830078,-5.579059600830078,-6.954059600830078,-6.954059600830078,-5.538760185241699,-6.038760185241699,-5.288760185241699,-0.03876035287976265,-4.163760185241699,-7.163760185241699,-7.163760185241699,-5.288760185241699,-6.538760185241699,-5.788760185241699,-2.3817267417907715,-5.0067267417907715,-4.6317267417907715,-7.6317267417907715,-6.6317267417907715,-8.25672721862793,-7.3817267417907715,-0.13172674179077148,-6.1317267417907715,-4.6317267417907715,-1.7010393142700195,-2.7010393142700195,-2.4510393142700195,-4.7010393142700195,-2.3260393142700195,-3.4510393142700195,-2.4510393142700195,-7.0760393142700195,-2.9510393142700195,-0.9510393142700195
"Consider this sequence: 8, 4, 5. Generate exactly 10 additional numbers (maximum 1 digits each) to extend this sequence List the numbers with spaces between them. Just show me the numbers.",-5.319414138793945,-4.069414138793945,-1.5694139003753662,-4.569414138793945,-6.444414138793945,-7.069414138793945,-3.819413900375366,-4.944414138793945,-0.569413959980011,-1.8194139003753662,-3.3709239959716797,-2.3709239959716797,-3.2459239959716797,-1.7459238767623901,-3.6209239959716797,-4.74592399597168,-1.4959238767623901,-1.3709238767623901,-2.6209239959716797,-2.6209239959716797,-3.148932456970215,-1.8989323377609253,-2.648932456970215,-1.2739323377609253,-3.148932456970215,-4.523932456970215,-1.5239323377609253,-1.8989323377609253,-3.648932456970215,-4.648932456970215,-3.586111068725586,-1.4611109495162964,-2.961111068725586,-1.2111109495162964,-3.711111068725586,-2.336111068725586,-2.336111068725586,-2.086111068725586,-3.336111068725586,-4.336111068725586,-2.308077812194824,-5.308077812194824,-3.558077812194824,-1.6830776929855347,-4.933077812194824,-3.558077812194824,-1.5580776929855347,-2.558077812194824,-1.0580776929855347,-4.558077812194824,-3.562168598175049,-5.062168598175049,-1.5621684789657593,-1.0621684789657593,-3.437168598175049,-1.8121684789657593,-2.062168598175049,-2.937168598175049,-4.687168598175049,-3.687168598175049,-5.415816307067871,-4.915816307067871,-3.040816068649292,-0.540816068649292,-3.915816068649292,-1.790816068649292,-5.040816307067871,-1.915816068649292,-4.790816307067871,-4.665816307067871,-4.961493968963623,-6.211493968963623,-3.461493730545044,-0.4614937901496887,-4.086493968963623,-6.586493968963623,-5.961493968963623,-1.211493730545044,-6.336493968963623,-4.711493968963623,-6.291860103607178,-7.791860103607178,-4.791860103607178,-8.79185962677002,-6.166860103607178,-7.916860103607178,-6.666860103607178,-0.04185996949672699,-6.916860103607178,-3.6668598651885986,-1.325129747390747,-5.325129985809326,-3.075129747390747,-7.700129985809326,-6.200129985809326,-6.825129985809326,-3.200129747390747,-9.450129508972168,-6.700129985809326,-0.45012980699539185
"Here's the start of a number sequence: 8, 2, 6, 1, 7, 7, 3, 0. Create exactly 10 more numbers (1 digits max each) to extend the sequence List the numbers with spaces between them. Nothing but numbers in your response.",-4.620693206787109,-3.1206929683685303,-2.1206929683685303,-3.7456929683685303,-1.3706929683685303,-1.8706929683685303,-3.2456929683685303,-5.620693206787109,-1.2456929683685303,-2.7456929683685303,-3.5820837020874023,-2.0820837020874023,-2.2070837020874023,-2.8320837020874023,-1.957083821296692,-2.2070837020874023,-2.3320837020874023,-4.457083702087402,-1.457083821296692,-2.4570837020874023,-3.7629895210266113,-2.2629895210266113,-2.2629895210266113,-2.5129895210266113,-1.3879894018173218,-1.5129894018173218,-2.7629895210266113,-4.387989521026611,-2.2629895210266113,-3.2629895210266113,-3.461198091506958,-2.836198091506958,-2.336198091506958,-2.461198091506958,-1.961198091506958,-1.086198091506958,-3.336198091506958,-4.211197853088379,-1.961198091506958,-2.836198091506958,-2.875244140625,-3.125244140625,-2.250244140625,-2.500244140625,-2.375244140625,-1.3752440214157104,-2.000244140625,-4.875244140625,-1.6252440214157104,-3.625244140625,-3.2171239852905273,-2.9671239852905273,-1.9671239852905273,-2.7171239852905273,-2.3421239852905273,-1.4671239852905273,-1.3421239852905273,-6.217123985290527,-3.5921239852905273,-2.4671239852905273,-4.004932403564453,-3.379932403564453,-1.6299325227737427,-4.504932403564453,-2.754932403564453,-0.5049325227737427,-5.254932403564453,-5.379932403564453,-4.254932403564453,-3.004932403564453,-5.016289234161377,-4.391289234161377,-0.7662893533706665,-3.016289234161377,-1.0162893533706665,-3.641289234161377,-6.141289234161377,-5.766289234161377,-4.516289234161377,-2.766289234161377,-0.2334013134241104,-4.733401298522949,-2.733401298522949,-7.608401298522949,-4.108401298522949,-6.483401298522949,-5.858401298522949,-5.483401298522949,-6.358401298522949,-2.233401298522949,-1.0549180507659912,-3.679918050765991,-1.8049180507659912,-6.30491828918457,-2.554918050765991,-3.804918050765991,-5.67991828918457,-5.80491828918457,-5.17991828918457,-1.0549180507659912
"Analyze this sequence: 3, 9, 4, 3, 9, 3, 0. Please add exactly 10 more numbers (with 1 digits or less each) to continue it. List the numbers with spaces between them. Provide only the numerical values.",-3.614149332046509,-6.61414909362793,-9.86414909362793,-0.3641493022441864,-3.864149332046509,-8.86414909362793,-9.48914909362793,-10.61414909362793,-9.73914909362793,-1.3641493320465088,-3.3565144538879395,-2.6065144538879395,-5.3565144538879395,-1.8565144538879395,-1.6065144538879395,-4.9815144538879395,-4.7315144538879395,-3.1065144538879395,-3.1065144538879395,-0.8565144538879395,-4.093836784362793,-4.093836784362793,-3.468836545944214,-2.593836545944214,-0.21883656084537506,-4.218836784362793,-4.218836784362793,-4.593836784362793,-4.343836784362793,-5.343836784362793,-7.75540018081665,-7.25540018081665,-6.38040018081665,-0.005399998743087053,-8.505399703979492,-7.88040018081665,-8.380399703979492,-8.005399703979492,-7.25540018081665,-7.25540018081665,-4.639547348022461,-5.639547348022461,-4.139547348022461,-0.389547199010849,-6.514547348022461,-7.139547348022461,-7.014547348022461,-6.639547348022461,-5.014547348022461,-1.2645472288131714,-3.082951068878174,-3.082951068878174,-2.332951068878174,-1.0829510688781738,-1.8329510688781738,-2.457951068878174,-2.957951068878174,-2.332951068878174,-4.457951068878174,-2.707951068878174,-2.468416213989258,-2.968416213989258,-2.468416213989258,-1.5934162139892578,-2.968416213989258,-1.4684162139892578,-3.843416213989258,-1.5934162139892578,-3.718416213989258,-3.093416213989258,-2.6172537803649902,-3.4922537803649902,-3.2422537803649902,-1.2422537803649902,-3.9922537803649902,-4.86725378036499,-4.11725378036499,-0.7422537803649902,-4.49225378036499,-3.2422537803649902,-0.5012950301170349,-2.3762950897216797,-2.8762950897216797,-3.0012950897216797,-4.75129508972168,-6.12629508972168,-5.25129508972168,-2.8762950897216797,-5.62629508972168,-2.1262950897216797,-0.3368920087814331,-3.4618921279907227,-3.8368921279907227,-3.8368921279907227,-5.086892127990723,-4.711892127990723,-5.336892127990723,-7.086892127990723,-4.586892127990723,-1.711892008781433
"Observe this number sequence: 6, 4, 3. Extend it with exactly 10 new numbers (no more than 1 digits each). List the numbers with spaces between them. No words, just numbers.",-12.17154312133789,-6.046542644500732,-0.17154282331466675,-4.171542644500732,-7.546542644500732,-4.671542644500732,-2.0465428829193115,-7.671542644500732,-8.17154312133789,-10.79654312133789,-6.578593730926514,-0.078593909740448,-2.7035939693450928,-5.453593730926514,-6.578593730926514,-6.578593730926514,-9.203594207763672,-10.078594207763672,-10.703594207763672,-12.266094207763672,-5.030200958251953,-3.1552011966705322,-4.405200958251953,-5.905200958251953,-4.780200958251953,-3.5302011966705322,-5.030200958251953,-2.1552011966705322,-0.28020113706588745,-3.9052011966705322,-4.230340480804443,-1.9803403615951538,-1.6053403615951538,-2.2303404808044434,-2.2303404808044434,-2.1053404808044434,-2.2303404808044434,-2.4803404808044434,-2.4803404808044434,-3.3553404808044434,-3.054333448410034,-2.804333448410034,-1.9293334484100342,-2.804333448410034,-3.054333448410034,-1.8043334484100342,-2.429333448410034,-2.054333448410034,-1.5543334484100342,-3.054333448410034,-5.324148178100586,-3.449148416519165,-1.199148416519165,-2.949148416519165,-3.324148416519165,-1.074148416519165,-3.324148416519165,-2.324148416519165,-2.574148416519165,-3.824148416519165,-6.352038860321045,-3.102038621902466,-2.477038621902466,-1.2270386219024658,-3.477038621902466,-0.9770386815071106,-3.352038621902466,-2.227038621902466,-4.477038860321045,-4.227038860321045,-5.099527359008789,-3.224527359008789,-3.474527359008789,-0.7245273590087891,-2.974527359008789,-3.974527359008789,-4.474527359008789,-1.099527359008789,-4.474527359008789,-4.349527359008789,-3.622821569442749,-1.997821569442749,-0.4978216290473938,-3.622821569442749,-3.497821569442749,-4.747821807861328,-3.747821569442749,-2.497821569442749,-4.247821807861328,-3.122821569442749,-3.202019214630127,-1.702019214630127,-0.9520192742347717,-5.202019214630127,-3.452019214630127,-1.452019214630127,-3.702019214630127,-5.702019214630127,-3.702019214630127,-2.702019214630127
"Take these numbers: 1, 8, 6, 7, 0. Create exactly 10 more numbers (at most 1 digits each) to extend the sequence List the numbers with spaces between them. Provide only the numerical values.",-7.626944541931152,-0.0019446763908490539,-8.501944541931152,-10.126944541931152,-11.501944541931152,-12.126944541931152,-11.376944541931152,-10.376944541931152,-6.876944541931152,-9.001944541931152,-5.068569183349609,-4.193569183349609,-4.443569183349609,-0.4435689449310303,-2.9435689449310303,-3.4435689449310303,-7.068569183349609,-7.443569183349609,-5.818569183349609,-1.4435689449310303,-5.818777561187744,-4.818777561187744,-2.818777561187744,-1.5687775611877441,-2.818777561187744,-0.4437776207923889,-6.443777561187744,-6.943777561187744,-6.193777561187744,-4.193777561187744,-5.799644947052002,-5.549644947052002,-3.924644708633423,-1.5496448278427124,-5.549644947052002,-0.29964479804039,-7.424644947052002,-8.299644470214844,-6.424644947052002,-4.299644947052002,-3.4061279296875,-5.1561279296875,-4.2811279296875,-2.1561279296875,-5.0311279296875,-3.2811279296875,-3.9061279296875,-5.1561279296875,-0.28112804889678955,-5.0311279296875,-4.524896144866943,-5.024896144866943,-4.274896144866943,-3.2748961448669434,-6.899896144866943,-1.3998961448669434,-0.39989614486694336,-5.649896144866943,-5.649896144866943,-5.149896144866943,-6.151409149169922,-6.776409149169922,-4.901409149169922,-5.526409149169922,-7.651409149169922,-4.651409149169922,-7.901409149169922,-0.026409240439534187,-8.526409149169922,-7.151409149169922,-3.801748514175415,-5.801748752593994,-5.801748752593994,-0.051748599857091904,-5.926748752593994,-8.176748275756836,-8.676748275756836,-4.301748752593994,-7.801748752593994,-5.301748752593994,-0.2787768840789795,-2.7787768840789795,-3.9037768840789795,-7.653777122497559,-5.403777122497559,-5.403777122497559,-7.278777122497559,-6.778777122497559,-7.278777122497559,-1.9037768840789795,-0.00735634146258235,-7.3823561668396,-7.6323561668396,-11.257356643676758,-8.757356643676758,-9.257356643676758,-11.382356643676758,-11.757356643676758,-10.257356643676758,-5.1323561668396
"Let's start with this sequence: 8, 5, 0, 7, 5. Generate exactly 10 additional numbers (no more than 1 digits each). List the numbers with spaces between them. Please just say the numbers, nothing more.",-6.265389442443848,-2.8903894424438477,-0.8903895020484924,-1.1403894424438477,-3.6403894424438477,-6.390389442443848,-3.6403894424438477,-6.515389442443848,-2.2653894424438477,-3.1403894424438477,-2.3622570037841797,-2.9872570037841797,-3.8622570037841797,-0.8622571229934692,-3.4872570037841797,-4.36225700378418,-2.6122570037841797,-5.36225700378418,-1.3622571229934692,-3.3622570037841797,-2.8764123916625977,-3.8764123916625977,-0.7514123320579529,-2.3764123916625977,-1.2514123916625977,-5.126412391662598,-3.6264123916625977,-6.251412391662598,-3.3764123916625977,-5.626412391662598,-3.6914660930633545,-1.4414660930633545,-0.9414660334587097,-1.6914660930633545,-4.816465854644775,-4.066465854644775,-2.8164660930633545,-5.441465854644775,-2.9414660930633545,-3.8164660930633545,-3.8347880840301514,-4.8347883224487305,-4.0847883224487305,-2.4597880840301514,-3.8347880840301514,-5.5847883224487305,-0.9597881436347961,-5.4597883224487305,-0.8347881436347961,-3.8347880840301514,-3.935777425765991,-4.18577766418457,-3.560777425765991,-0.8107774257659912,-3.810777425765991,-1.0607774257659912,-2.310777425765991,-5.06077766418457,-6.68577766418457,-4.06077766418457,-3.9484362602233887,-4.948436260223389,-4.448436260223389,-0.07343632727861404,-4.448436260223389,-5.073436260223389,-7.198436260223389,-6.073436260223389,-6.573436260223389,-4.573436260223389,-1.017620325088501,-4.01762056350708,-2.392620325088501,-0.8926203846931458,-3.767620325088501,-4.76762056350708,-4.64262056350708,-3.267620325088501,-5.01762056350708,-3.392620325088501,-0.13046561181545258,-5.005465507507324,-3.755465507507324,-7.130465507507324,-4.380465507507324,-5.755465507507324,-4.630465507507324,-3.380465507507324,-6.255465507507324,-3.505465507507324,-0.5065414309501648,-3.7565414905548096,-2.5065414905548096,-5.5065412521362305,-3.1315414905548096,-2.8815414905548096,-3.5065414905548096,-7.6315412521362305,-5.1315412521362305,-1.8815414905548096
"Here's the start of a number sequence: 7, 3, 6, 0, 3, 4. Add exactly 10 more values (maximum 1 digits each) to continue the sequence. List the numbers with spaces between them. Just the numbers, please.",-6.241941452026367,-2.741941213607788,-3.241941213607788,-5.741941452026367,-3.491941213607788,-1.116941213607788,-4.616941452026367,-2.616941213607788,-0.8669412136077881,-3.491941213607788,-3.7527246475219727,-1.7527246475219727,-3.0027246475219727,-3.0027246475219727,-4.002724647521973,-1.6277246475219727,-3.1277246475219727,-1.7527246475219727,-1.5027246475219727,-3.0027246475219727,-3.5909881591796875,-1.715988278388977,-1.840988278388977,-2.2159881591796875,-3.4659881591796875,-1.465988278388977,-3.3409881591796875,-2.0909881591796875,-2.4659881591796875,-3.9659881591796875,-3.0098533630371094,-1.759853482246399,-2.0098533630371094,-2.3848533630371094,-3.2598533630371094,-2.0098533630371094,-2.8848533630371094,-2.0098533630371094,-1.884853482246399,-3.2598533630371094,-2.5499281883239746,-3.0499281883239746,-2.1749281883239746,-2.2999281883239746,-3.5499281883239746,-1.7999281883239746,-2.2999281883239746,-1.5499281883239746,-2.0499281883239746,-3.6749281883239746,-3.550995111465454,-3.050995111465454,-1.675995111465454,-3.550995111465454,-4.175995349884033,-0.6759951710700989,-3.175995111465454,-2.425995111465454,-3.550995111465454,-3.675995111465454,-1.6185613870620728,-2.118561267852783,-1.6185613870620728,-1.9935613870620728,-3.993561267852783,-1.8685613870620728,-4.243561267852783,-2.618561267852783,-3.493561267852783,-2.868561267852783,-1.677795171737671,-2.802795171737671,-1.552795171737671,-1.552795171737671,-3.802795171737671,-3.802795171737671,-4.42779541015625,-1.677795171737671,-3.677795171737671,-2.802795171737671,-0.4673973321914673,-3.5923972129821777,-2.2173972129821777,-5.842397212982178,-3.4673972129821777,-5.717397212982178,-4.717397212982178,-2.0923972129821777,-4.717397212982178,-2.8423972129821777,-0.871898889541626,-2.496898889541626,-1.371898889541626,-5.871898651123047,-3.996898889541626,-3.621898889541626,-5.496898651123047,-6.496898651123047,-2.871898889541626,-1.996898889541626
"Examine these numbers: 5, 7, 9, 6, 4, 4. Create exactly 10 more numbers (with 1 digits or less each) that follow. List the numbers with spaces between them. Return the numbers exactly as requested, nothing else.",-16.130369186401367,-10.50536823272705,-10.75536823272705,-7.630368232727051,-2.130368232727051,-0.13036830723285675,-6.630368232727051,-7.630368232727051,-8.13036823272705,-7.130368232727051,-7.552211761474609,-3.3022115230560303,-2.6772115230560303,-0.8022115230560303,-3.1772115230560303,-2.0522115230560303,-2.5522115230560303,-5.302211761474609,-1.6772115230560303,-5.177211761474609,-4.8479204177856445,-2.0979204177856445,-2.0979204177856445,-1.347920298576355,-2.8479204177856445,-2.3479204177856445,-2.8479204177856445,-3.5979204177856445,-1.472920298576355,-3.9729204177856445,-8.963210105895996,-3.588210105895996,-3.463210105895996,-1.3382099866867065,-2.588210105895996,-1.2132099866867065,-1.7132099866867065,-2.963210105895996,-2.713210105895996,-4.838210105895996,-3.044508457183838,-4.544508457183838,-4.669508457183838,-1.7945083379745483,-4.419508457183838,-1.4195083379745483,-2.419508457183838,-2.044508457183838,-1.2945083379745483,-3.919508457183838,-3.801116466522217,-3.176116466522217,-2.676116466522217,-1.1761163473129272,-4.051116466522217,-1.5511163473129272,-1.6761163473129272,-2.426116466522217,-3.176116466522217,-4.426116466522217,-4.513369083404541,-3.638369083404541,-3.138369083404541,-1.1383689641952515,-3.388369083404541,-1.0133689641952515,-4.388369083404541,-1.8883689641952515,-3.888369083404541,-4.013369083404541,-7.923536777496338,-6.423536777496338,-5.423536777496338,-0.5485366582870483,-4.673536777496338,-6.048536777496338,-6.673536777496338,-0.9235366582870483,-6.298536777496338,-5.548536777496338,-6.405418395996094,-6.280418395996094,-5.280418395996094,-6.405418395996094,-5.030418395996094,-6.405418395996094,-6.530418395996094,-0.030418332666158676,-6.405418395996094,-4.780418395996094,-3.814537286758423,-4.314537048339844,-1.9395372867584229,-2.939537286758423,-2.064537286758423,-1.1895372867584229,-5.314537048339844,-5.689537048339844,-1.9395372867584229,-1.6895372867584229
"Consider this sequence: 5, 9, 1, 4, 6, 4, 4, 1. Create exactly 10 more numbers (1 digits or fewer each) that follow. List the numbers with spaces between them. Nothing but numbers in your response.",-8.768254280090332,-1.768254280090332,-4.143254280090332,-3.768254280090332,-2.518254280090332,-0.518254280090332,-3.268254280090332,-5.018254280090332,-4.268254280090332,-2.893254280090332,-3.5785322189331055,-1.7035322189331055,-3.3285322189331055,-1.5785322189331055,-3.3285322189331055,-2.3285322189331055,-2.3285322189331055,-2.0785322189331055,-2.0785322189331055,-2.7035322189331055,-2.3202202320098877,-2.1952202320098877,-2.1952202320098877,-1.5702202320098877,-3.8202202320098877,-2.0702202320098877,-2.9452202320098877,-2.5702202320098877,-1.8202202320098877,-3.4452202320098877,-3.4727590084075928,-1.9727590084075928,-2.5977590084075928,-2.3477590084075928,-2.5977590084075928,-1.4727590084075928,-1.7227590084075928,-3.0977590084075928,-2.5977590084075928,-2.8477590084075928,-3.4233827590942383,-3.6733827590942383,-3.1733827590942383,-3.1733827590942383,-2.1733827590942383,-2.2983827590942383,-0.5483828186988831,-3.6733827590942383,-3.6733827590942383,-4.173382759094238,-4.767214775085449,-1.3922145366668701,-1.7672145366668701,-2.01721453666687,-2.14221453666687,-2.64221453666687,-2.51721453666687,-3.14221453666687,-2.89221453666687,-2.64221453666687,-4.079649925231934,-1.954649806022644,-1.829649806022644,-1.829649806022644,-2.2046499252319336,-1.954649806022644,-2.8296499252319336,-2.5796499252319336,-2.7046499252319336,-2.7046499252319336,-4.248706340789795,-1.748706340789795,-2.248706340789795,-0.9987063407897949,-2.623706340789795,-3.498706340789795,-3.623706340789795,-2.248706340789795,-3.248706340789795,-2.748706340789795,-3.4042277336120605,-2.1542277336120605,-2.1542277336120605,-3.2792277336120605,-2.5292277336120605,-3.1542277336120605,-3.0292277336120605,-1.0292277336120605,-3.2792277336120605,-2.0292277336120605,-2.547607421875,-2.922607421875,-1.1726075410842896,-3.297607421875,-3.922607421875,-1.6726075410842896,-4.297607421875,-4.422607421875,-2.297607421875,-1.6726075410842896
